{"cameraMode":{"drawMode":0,"name":"Shaded","section":"Shading Mode"},"sceneLighting":true,"audioPlay":false,"sceneViewState":{"showFog":true,"showMaterialUpdate":false,"showSkybox":true,"showFlares":true,"showImageEffects":true,"showParticleSystems":true},"in2DMode":false,"pivot":{"x":13.951667785644532,"y":6.240448951721191,"z":-16.881439208984376},"rotation":{"x":0.0519137941300869,"y":-0.9180309176445007,"z":0.12825621664524079,"w":0.3715858459472656},"size":27.414997100830079,"orthographic":false}