{"cameraMode":{"drawMode":0,"name":"Shaded","section":"Shading Mode"},"sceneLighting":true,"audioPlay":false,"sceneViewState":{"showFog":true,"showMaterialUpdate":false,"showSkybox":true,"showFlares":true,"showImageEffects":true,"showParticleSystems":true},"in2DMode":false,"pivot":{"x":-8.65031623840332,"y":14.572016716003418,"z":20.64574432373047},"rotation":{"x":0.00010004831710830331,"y":0.9993047118186951,"z":0.0026885373517870905,"w":-0.03719039633870125},"size":16.958812713623048,"orthographic":false}