{"cameraMode":{"drawMode":0,"name":"Shaded","section":"Shading Mode"},"sceneLighting":true,"audioPlay":false,"sceneViewState":{"showFog":true,"showMaterialUpdate":false,"showSkybox":true,"showFlares":true,"showImageEffects":true,"showParticleSystems":true},"in2DMode":false,"pivot":{"x":-17.236940383911134,"y":-2.2142655849456789,"z":2.9082953929901125},"rotation":{"x":-0.00867969635874033,"y":-0.049482863396406177,"z":-0.00043011174420826137,"w":0.9987396597862244},"size":5.186557769775391,"orthographic":false}