{"cameraMode":{"drawMode":0,"name":"Shaded","section":"Shading Mode"},"sceneLighting":false,"audioPlay":false,"sceneViewState":{"showFog":true,"showMaterialUpdate":false,"showSkybox":false,"showFlares":true,"showImageEffects":true,"showParticleSystems":true},"in2DMode":false,"pivot":{"x":-13.682722091674805,"y":-11.615592002868653,"z":-4.119277477264404},"rotation":{"x":-0.25733426213264468,"y":0.6442480087280273,"z":-0.24511705338954926,"w":-0.6773243546485901},"size":13.731354713439942,"orthographic":false}