{"cameraMode":{"drawMode":0,"name":"Shaded","section":"Shading Mode"},"sceneLighting":true,"audioPlay":false,"sceneViewState":{"showFog":true,"showMaterialUpdate":false,"showSkybox":true,"showFlares":true,"showImageEffects":true,"showParticleSystems":true},"in2DMode":false,"pivot":{"x":-163.73880004882813,"y":-10.637816429138184,"z":1656.83984375},"rotation":{"x":0.009301270358264447,"y":-0.041990727186203,"z":0.0003908217477146536,"w":0.9990767240524292},"size":852.2577514648438,"orthographic":false}